<?xml version="1.0" encoding="UTF-8"?>
<project-private xmlns="http://www.netbeans.org/ns/project-private/1">
    <editor-bookmarks xmlns="http://www.netbeans.org/ns/editor-bookmarks/2" lastBookmarkId="0"/>
    <open-files xmlns="http://www.netbeans.org/ns/projectui-open-files/2">
        <group>
            <file>file:/C:/Users/Akshay%20Chavan/Documents/NetBeansProjects/Student%20Attendance%20System/src/Main.java</file>
            <file>file:/C:/Users/Akshay%20Chavan/Documents/NetBeansProjects/Student%20Attendance%20System/src/Teacher_Window.java</file>
            <file>file:/C:/Users/Akshay%20Chavan/Documents/NetBeansProjects/Student%20Attendance%20System/src/attendance.java</file>
            <file>file:/C:/Users/Akshay%20Chavan/Documents/NetBeansProjects/Student%20Attendance%20System/src/HOD_Window.java</file>
            <file>file:/C:/Users/Akshay%20Chavan/Documents/NetBeansProjects/Student%20Attendance%20System/src/Login.java</file>
            <file>file:/C:/Users/Akshay%20Chavan/Documents/NetBeansProjects/Student%20Attendance%20System/src/student_details.java</file>
            <file>file:/C:/Users/Akshay%20Chavan/Documents/NetBeansProjects/Student%20Attendance%20System/src/Register_Student.java</file>
        </group>
    </open-files>
</project-private>
